Model,Accuracy,Precision,Recall,F1 Score
Logistic Regression,0.9867483296213808,0.9818390804597701,0.9907214103456274,0.9862602470846322
Linear SVM,0.9933184855233853,0.9914450867052023,0.9946648109487358,0.9930523390458545
Naive Bayes,0.9266146993318486,0.9280356305672761,0.9183484110415217,0.9231666083712253
